P01_11,147
P01_12,61
P01_13,29
P01_14,353
P01_15,290
P02_12,371
P02_13,13
P02_14,13
P02_15,49
P03_21,12
P03_22,25
P03_23,124
P03_24,135
P03_25,15
P03_26,3
P04_24,63
P04_25,26
P04_26,2
P04_27,10
P04_28,24
P04_29,60
P04_30,49
P04_31,112
P04_32,6
P04_33,21
P05_07,110
P05_09,65
P06_10,60
P06_11,22
P06_12,29
P06_13,62
P06_14,31
P07_12,42
P07_13,14
P07_14,42
P07_15,16
P07_16,28
P07_17,25
P07_18,13
P08_09,148
P08_10,62
P08_14,42
P08_15,133
P08_16,121
P08_17,119
P09_07,16
P09_08,26
P10_03,236
P11_17,146
P11_18,17
P11_19,33
P11_20,194
P11_21,10
P11_22,72
P11_23,20
P11_24,23
P12_03,112
P12_08,25
P13_01,48
P13_02,9
P13_03,47
P14_06,12
P14_08,32
P15_04,36
P15_05,13
P15_06,64
P16_04,57
P17_02,26
P18_01,42
P18_02,28
P18_03,112
P18_04,37
P18_05,134
P18_06,90
P18_07,52
P18_08,18
P18_09,41
P18_10,45
P18_11,98
P18_12,33
P19_05,12
P19_06,29
P20_05,125
P20_06,69
P20_07,25
P21_02,59
P22_01,349
P22_02,216
P22_03,485
P22_04,178
P23_05,104
P24_09,346
P25_06,33
P25_07,40
P25_08,21
P26_30,2
P26_31,17
P26_32,14
P26_33,4
P26_34,11
P26_35,33
P26_36,38
P26_37,12
P26_38,8
P26_39,10
P26_40,14
P26_41,23
P27_05,63
P28_15,31
P28_16,56
P28_17,15
P28_18,25
P28_19,19
P28_20,24
P28_21,13
P28_22,25
P28_23,5
P28_24,15
P28_25,132
P28_26,30
P29_05,564
P29_06,44
P30_07,105
P30_08,332
P30_09,169
P31_10,45
P31_11,28
P31_12,21
P32_01,59
P32_02,26
P32_03,11
P32_04,39
P32_05,36
P32_06,48
P32_07,2
P32_08,15
P32_09,38
P32_10,43
P01_01,329
P01_02,145
P01_03,41
P01_04,31
P01_05,258
P01_06,118
P01_07,56
P01_08,31
P01_09,880
P01_102,126
P01_103,97
P01_104,92
P01_105,789
P01_106,246
P01_107,61
P01_108,65
P01_109,917
P01_10,25
P01_16,72
P01_17,287
P01_18,688
P01_19,136
P02_01,90
P02_02,88
P02_03,363
P02_04,167
P02_05,4
P02_06,372
P02_07,53
P02_08,32
P02_09,573
P02_101,110
P02_102,109
P02_103,46
P02_104,181
P02_105,199
P02_107,51
P02_108,450
P02_109,186
P02_10,11
P02_110,49
P02_111,16
P02_112,318
P02_113,183
P02_114,15
P02_115,44
P02_116,31
P02_118,289
P02_119,15
P02_11,19
P02_120,220
P02_121,98
P02_122,213
P02_123,472
P02_124,92
P02_126,59
P02_127,10
P02_128,62
P02_129,494
P02_130,330
P02_131,272
P02_132,88
P02_133,33
P02_134,13
P02_135,115
P03_02,136
P03_03,23
P03_04,360
P03_05,65
P03_06,31
P03_07,47
P03_08,8
P03_09,179
P03_101,350
P03_102,83
P03_106,31
P03_107,108
P03_108,18
P03_109,410
P03_10,40
P03_110,13
P03_111,34
P03_112,170
P03_113,61
P03_114,16
P03_115,13
P03_116,30
P03_117,258
P03_118,65
P03_119,210
P03_11,18
P03_120,255
P03_121,67
P03_122,11
P03_123,97
P03_12,6
P03_13,20
P03_14,42
P03_15,2
P03_16,38
P03_17,24
P03_18,7
P03_19,167
P03_20,73
P03_27,26
P03_28,40
P04_01,261
P04_02,330
P04_03,217
P04_04,151
P04_05,308
P04_06,117
P04_07,28
P04_08,19
P04_09,34
P04_101,240
P04_102,62
P04_103,38
P04_104,294
P04_106,115
P04_107,939
P04_108,100
P04_109,539
P04_10,105
P04_110,403
P04_111,68
P04_112,257
P04_113,516
P04_114,83
P04_115,132
P04_116,222
P04_117,167
P04_118,54
P04_119,289
P04_11,24
P04_120,375
P04_121,716
P04_12,15
P04_13,40
P04_14,8
P04_15,0
P04_16,42
P04_17,21
P04_18,25
P04_19,4
P04_20,12
P04_21,23
P04_22,21
P04_23,92
P05_01,48
P05_02,55
P05_03,162
P05_04,59
P05_05,29
P05_06,37
P05_08,138
P06_01,22
P06_02,5
P06_03,127
P06_05,223
P06_07,255
P06_08,5
P06_09,177
P06_101,422
P06_102,129
P06_103,176
P06_104,36
P06_105,28
P06_106,52
P06_107,63
P06_108,170
P06_109,9
P06_110,14
P06_113,121
P07_01,14
P07_02,14
P07_03,30
P07_04,153
P07_05,33
P07_06,28
P07_07,52
P07_08,24
P07_09,45
P07_101,80
P07_102,59
P07_103,17
P07_106,4
P07_107,60
P07_10,329
P07_110,84
P07_111,51
P07_112,19
P07_113,170
P07_114,43
P07_115,65
P07_116,30
P07_117,130
P07_11,27
P08_01,155
P08_02,33
P08_03,33
P08_04,65
P08_05,371
P08_06,121
P08_07,8
P08_08,35
P08_11,50
P08_12,7
P08_13,3
P08_18,116
P08_19,25
P08_20,39
P08_21,341
P08_22,36
P08_23,296
P08_24,118
P08_25,6
P08_26,103
P08_27,40
P08_28,14
P09_01,2
P09_02,67
P09_03,33
P09_04,18
P09_05,49
P09_06,68
P09_103,43
P09_104,84
P09_105,35
P09_106,26
P10_01,124
P10_02,151
P10_04,511
P11_01,75
P11_02,21
P11_03,50
P11_04,117
P11_05,411
P11_06,15
P11_07,11
P11_08,29
P11_09,41
P11_101,40
P11_102,79
P11_103,73
P11_104,198
P11_105,83
P11_107,31
P11_109,120
P11_10,5
P11_11,24
P11_12,15
P11_13,23
P11_14,10
P11_15,112
P11_16,85
P12_01,66
P12_02,190
P12_04,114
P12_05,4
P12_06,27
P12_07,38
P12_101,501
P12_103,137
P12_104,292
P12_105,71
P13_04,46
P13_05,35
P13_06,21
P13_07,24
P13_08,185
P13_09,56
P13_10,28
P14_01,16
P14_02,7
P14_03,1
P14_04,21
P14_05,13
P14_07,11
P14_09,35
P15_01,8
P15_02,61
P15_03,42
P15_07,11
P15_08,88
P15_09,23
P15_10,20
P15_11,2
P15_12,4
P15_13,76
P16_01,80
P16_02,7
P16_03,13
P17_01,15
P17_03,28
P17_04,44
P19_01,84
P19_02,4
P19_03,24
P19_04,92
P20_01,355
P20_02,115
P20_03,57
P20_04,394
P21_01,97
P21_03,75
P21_04,72
P22_05,491
P22_06,188
P22_07,741
P22_08,384
P22_09,190
P22_101,163
P22_102,138
P22_103,400
P22_104,195
P22_105,16
P22_106,311
P22_107,241
P22_108,104
P22_109,816
P22_10,428
P22_110,211
P22_111,671
P22_112,171
P22_113,326
P22_115,247
P22_116,222
P22_117,438
P22_11,195
P22_12,288
P22_13,245
P22_14,290
P22_15,279
P22_16,527
P22_17,564
P23_01,13
P23_02,204
P23_03,43
P23_04,189
P23_101,352
P23_102,629
P24_01,95
P24_02,155
P24_03,119
P24_04,121
P24_05,313
P24_06,102
P24_07,187
P24_08,360
P25_01,15
P25_02,32
P25_03,14
P25_04,64
P25_05,151
P25_09,118
P25_101,126
P25_102,131
P25_103,111
P25_104,262
P25_106,300
P25_107,509
P25_10,38
P25_11,55
P25_12,16
P26_01,24
P26_02,93
P26_03,57
P26_04,38
P26_05,10
P26_06,6
P26_07,4
P26_08,9
P26_09,25
P26_101,23
P26_102,34
P26_103,156
P26_104,170
P26_105,170
P26_106,21
P26_107,27
P26_108,35
P26_109,6
P26_10,31
P26_110,85
P26_111,40
P26_112,124
P26_113,16
P26_114,12
P26_115,66
P26_116,66
P26_117,131
P26_118,96
P26_119,146
P26_11,23
P26_124,215
P26_12,5
P26_13,26
P26_14,1
P26_15,7
P26_16,12
P26_17,11
P26_18,44
P26_19,90
P26_20,7
P26_21,88
P26_22,21
P26_23,13
P26_24,8
P26_25,2
P26_26,9
P26_27,0
P26_28,30
P26_29,12
P27_01,41
P27_02,13
P27_03,17
P27_04,49
P27_06,91
P27_07,91
P27_101,472
P27_103,667
P27_104,349
P27_105,295
P28_01,89
P28_02,155
P28_03,153
P28_04,89
P28_05,75
P28_06,149
P28_07,15
P28_08,85
P28_09,130
P28_101,119
P28_102,58
P28_103,294
P28_104,206
P28_105,119
P28_106,45
P28_107,6
P28_108,66
P28_109,55
P28_10,20
P28_110,33
P28_111,235
P28_112,117
P28_113,149
P28_11,56
P28_12,6
P28_13,33
P28_14,84
P29_01,342
P29_02,68
P29_03,527
P29_04,55
P30_01,29
P30_02,45
P30_03,145
P30_04,175
P30_05,754
P30_06,143
P30_101,283
P30_103,85
P30_104,139
P30_107,925
P30_108,218
P30_109,196
P30_10,254
P30_110,122
P30_111,634
P30_112,48
P30_113,143
P30_114,38
P30_11,112
P31_01,63
P31_02,16
P31_03,23
P31_04,9
P31_05,54
P31_06,25
P31_07,28
P31_08,89
P31_09,33
P31_13,63
P31_14,25
P35_101,93
P35_103,239
P35_104,780
P35_105,429
P35_107,343
P35_108,659
P35_109,282
P37_101,377
P37_102,149
P37_103,73
